l_english:
  region_shipshatter_reef: "Shipshatter Reef"
  region_remnant_waves: "Remnant Waves"
  region_seifu_sea: "Seifu Sea"
  region_lonely_waves: "Lonely Waves"
  region_steepcliff_coast: "Steepcliff Coast"
  region_icy_expanse: "Icy Expanse"
  region_gulf_of_dumonia: "Gulf of Dumonia"
  region_black_channel: "Black Channel"
  region_the_scaletides: "Eastern Scaletides"
  region_sanguine_ocean_01: "Sanguine Ocean"
  region_erbens_sea: "Erben's Sea"
  region_treacherous_abyss: "Treacherous Abyss"
  region_amethyst_sea: "Amethyst Sea"
  region_emperors_marbles: "Emperor's Marbles"
  region_lotus_isles: "Lotus Isles"
  region_leviathan_deep: "Leviathan Deep"
  region_frigid_sea_02: "Askalon Sea"
  region_north_perilous_ocean_02: "North Perilous Ocean"
  region_north_perilous_ocean_01: "North Perilous Ocean"
  region_buccaneer_sea: "Buccaneer Sea"
  region_the_farthest_tides: "The Farthest Tides"
  region_frostbite_depths: "Frostbite Depths"
  region_tideshield: "Tideshield"
  region_hundirs_bane: "Hundir's Bane"
  region_blackfeather_coast: "Blackfeather Coast"
  region_azurethorn_sea: "Azurethorn"
  region_sea_of_eyes: "Sea of Eyes"
  region_citrus_currents: "Citrus Currents"
  region_restless_sea: "Restless Sea"
  region_uriks_passage: "Urik's Passage"
  region_valkurian_ocean_02: "Valkurian Ocean"
  region_valkurian_ocean_01: "Valkurian Ocean"
  region_oisialks_horizon: "Oisialk's Horizon"
  region_everfrost_coast: "Frigid Sea"
  region_sirens_lagoon: "Siren's Lagoon"
  region_arvan_sea: "Arvan Sea"
  region_south_sanguine_ocean_01: "South Sanguine Ocean"
  region_settler_coast: "Settler's Coast"
  region_giants_pond: "Giant's Pond"
  region_hazear_sea: "Haizear Sea"
  region_blessed_shallows: "Blessed Shallows"
  region_south_sanguine_ocean_04: "South Sanguine Ocean"
  region_frigid_sea: "Askalon Sea"
  region_sanguine_ocean_02: "Sanguine Ocean"
  region_serpents_eye: "Serpent's Eye"
  region_tar_coast: "Tar Coast"
  region_south_leviathan_deep: "South Leviathan Deep"
  region_equine_sea: "Equine Sea"
  region_south_sanguine_ocean_02: "South Sanguine Ocean"
  region_sanguine_ocean_03: "Sanguine Ocean"
  region_bay_of_new_fortune: "Bay of New Fortune"
  region_wyrmmaw_sea: "Wyrmmaw Sea"
  region_south_sanguine_ocean_03: "South Sanguine Ocean"
  region_sanguine_ocean_05: "Sanguine Ocean"
  region_pleasant_waves: "Pleasant Waves"
  region_sanguine_ocean_04: "Sanguine Ocean"
  region_icy_expanse_02: "Icy Expanse"
  region_ophidian_shore: "Ophidian Shore"
  region_western_scaletides: "Western Scaletides"
  #Noricum
  region_coldreach: "Coldreach"
  region_east_everfrost: "East Everfrost"
  region_west_everfrost: "West Everfrost"
  region_whisperpine: "Whisperpine"
  region_yanger_steppe: "Yanger Steppe"
  region_dumonian_heartlands: "Dumonian Heartland"
  region_southwestern_noricum: "Southwest Noricum"
  region_gulfwatch: "Gulfwatch"
  region_ravencliff: "Ravencliff"
  region_central_noricum: "Central Noricum"
  region_worlds_end: "World's End"
  region_lonely_isles: "Lonely Isles"
  #Aritzakarri
  region_vulture_coast: "Vulture Coast"
  region_west_aritzakarri: "West Aritzakarri"
  region_the_trident: "The Trident"
  region_vitics_roosts: "Vitic's Roosts"
  region_skittering_hills: "Skittering Hills"
  region_placeholder: "Placeholder Region"
  #Bay of new fortune
  region_hyena_plains: "Hyena Plains"
  region_south_chin_desert: " South Ch'in Desert"
  region_north_chin_desert: " North Ch'in Desert"
  region_salt_wastes: " Salt Wastes"
  #Central Zalaron
  region_thiral: "Thiral"
  region_equine_plains: "Equine Plains"
  region_dark_morass: "Dark Morass"
  region_teferet: "Teferet"
  region_anwarth: "Anwarth"
  region_charmebrise_woods: "Charmebrise Woods"
  region_misthill_range: "Misthill Range"
  region_old_khus: "Old Khus"
  region_gray_isthmus: "Gray Isthmus"
  region_starshimmer_bank: "Starshimmer Bank"
  region_shaking_fields: "Shaking Fields"
  region_vermillion_thicket: "Vermillion Thicket"
  region_shimmering_coast: "Shimmering Coast"
  region_vairia: "Vairia"
  region_geyser_plateau: "Geyser Plateau"
  region_steepcliff: "Steepcliff"
  #Khara Uur
  region_valley_of_golden_fields: "Valley of Golden Fields"
  region_hirugolaima: "Hirugolaima"
  region_yamkhanato: "Yamkhanato"
  region_bataar_kharaal: "Bataar Kharaal"
  region_boroo_jirta: "Boroo Jirta"
  region_boroo_jirta: "Boroo Jirta"
  region_muru: "Muru"
  region_khantar: "Khantar"
  region_ongoryu: "Ongoryu"
  region_strait_of_aranmendi: "Strait of Aranmendi"
  region_tundgara: "Tundgara"
  region_shkumbdash: "Shkumbdash"
  region_zurkhurrins_bridge: "Zurkhurrin's Bridge"
  #Locari
  region_east_mindrend_sands: "East Mindrend Sands"
  region_west_mindrend_sands: "West Mindrend Sands"
  region_scalethane_realms: "Scalethane Realms"
  region_new_dumonia: "New Dumonia"
  region_thoughtsmith_ridge: "Thoughtsmith Ridge"
  region_anantadesh: "Anantadesh"
  region_dreamweaver_jungle: "Dreamweaver Jungle"
  region_sarpakshetra: "Sarpakshetra"
  #Northwest islands
  region_exiles_burden: "Exile's Burden"
  region_razorwind: "Razorwind"
  region_south_toftir: "South Toftir"
  region_west_dragon_isles: "West Dragon Isles"
  region_amethyst_archipelago: "Amethyst Archipelago"
  region_rimeroot_jungle: "Rimeroot Jungle"
  region_thawed_lands: "Thawed Lands"
  #Settler's Coast
  region_lagoon_coast: "Lagoon Coast"
  region_ceraun: "Ceraun"
  region_nogi_desert: "Nogi Desert"
  region_lake_bossard: "Lake Bossard"
  region_plaguewood: "Plaguewood"
  region_moorweald: "Moorweald"
  region_arrador: "Arrador"
  region_achon: "Achon"
  region_smallhills: "Smallhills"
  region_keystone_peninsula: "Keystone Peninsula"
  #West Zalaron
  region_vindon_narrows: "Vindon Narrows"
  region_lotus_isles: "Lotus Isles"
  region_fahavalo: "Fahavalo"
  region_elusive_coves: "Elusive Coves"
  region_lacertia: "Lacertia"
  region_west_kailando: "West Kailando"
  region_zafirsziget: "Zafirsziget"
  region_ravik: "Ravik"
  region_hasals_mirror: "Hasal's Mirror"
  region_tokalivar: "Tokalivar"
  region_kengurudal: "Kengurudal"
  region_verdant_shore: "Verdant Shore"
  region_gavkhan: "Gavkhan"
  region_old_thaloria: "Old Thaloria"
  region_gnomehome: "Gnomehome"
  region_embervein_arroyo: "Embervein Arroyo"
  region_rust_gorge: "Rust Gorge"
  region_sanbang: "Sanbang"